Station Name: DUBLIN (Glasnevin),,,,,,,,
Station Height: 18 M ,,,,,,,,
Latitude:53.370  ,Longitude: -6.270,,,,,,,
,,,,,,,,
,,,,,,,,
date: -   09 to 09 utc,,,,,,,,
rain: -   Precipitation Amount (mm),,,,,,,,
maxt: -   Maximum Temperature (C),,,,,,,,
mint: -   Minimum Temperature (C),,,,,,,,
gmin: -   09utc Grass Minimum Temperature (C),,,,,,,,
soil: -   10cm Soil Temperature (C),,,,,,,,
"ind:  -	  Indicator",,,,,,,,
,,,,,,,,
date,ind,rain,ind,maxt,ind,mint,gmin,soil
1-Jan-23,0,0.4,0,7.2,0,2.5,1.4, 
2-Jan-23,0,0.8,0,10.9,0,1.9,-1.7, 
3-Jan-23,0,0.6,0,14.4,1,-0.5,-4.4, 
4-Jan-23,0,0.2,0,12.9,0,9.4,8.2, 
5-Jan-23,0,1.8,0,13.7,0,9.6,6.4, 
6-Jan-23,0,3.1,0,12.3,0,6.9,2.6, 
7-Jan-23,0,0.8,0,10.7,0,7.6,2, 
8-Jan-23,0,0.9,0,8.4,0,6.6,3, 
9-Jan-23,0,5.5,0,13.3,0,4.4,0.9, 
10-Jan-23,0,3.5,0,14.1,0,5,1.4, 
11-Jan-23,0,4.8,0,12.1,0,6.6,2.5, 
12-Jan-23,0,2.5,0,10.4,0,6.4,4.5, 
13-Jan-23,0,5.1,0,10.8,0,6.7,3.5, 
14-Jan-23,0,1.4,0,7.7,0,6,2.5, 
15-Jan-23,4,0,0,5.9,0,2.8,0, 
16-Jan-23,0,0,0,4.1,1,-1,-4.5, 
17-Jan-23,4,0,0,3.4,1,-4.4,-9.5, 
18-Jan-23,4,0,0,4.6,1,-3.3,-7.4, 
19-Jan-23,0,0,0,5.9,1,-1.9,-7.1, 
20-Jan-23,0,0,0,8.3,1,-4,-8.8, 
21-Jan-23,0,0.8,0,10,1,-3.2,-7.4, 
22-Jan-23,0,0.1,0,11.3,0,7,4, 
23-Jan-23,0,0.4,0,13,0,7.4,4.1, 
24-Jan-23,0,1.1,0,12.9,0,3.6,-1.1, 
25-Jan-23,0,0.4,0,10.7,0,4.3,0, 
26-Jan-23,4,0,0,9.4,0,4.2,-0.9, 
27-Jan-23,0,0,0,7.8,0,2.9,-1, 
28-Jan-23,0,0.3,0,8.1,0,0.1,-3.4, 
29-Jan-23,0,0,0,10.9,0,4.7,-3.5, 
30-Jan-23,0,0.2,0,9.8,0,4.6,-0.5, 
31-Jan-23,0,0,0,10,0,5.9,2.8, 
1-Feb-23,4,0,0,10.9,0,6.6,1.9, 
2-Feb-23,4,0,0,11.2,0,8,3, 
3-Feb-23,4,0,0,13.4,0,10,6.9, 
4-Feb-23,0,0.6,0,12,0,8.6,2.9, 
5-Feb-23,4,0,0,10.6,1,-1.5,-5, 
6-Feb-23,0,0,0,10.6,1,-1.2,-5.2, 
7-Feb-23,0,0,0,11.4,0,3.1,-1.8, 
8-Feb-23,0,0.3,0,10.7,0,2.1,-2.6, 
9-Feb-23,4,0,0,9.8,0,1,-4, 
10-Feb-23,4,0,0,12.4,0,3.4,-1.6, 
11-Feb-23,0,0,0,11.5,0,8.5,4.5, 
12-Feb-23,0,0,0,11.4,0,8.4,6.2, 
13-Feb-23,0,0,0,12.3,0,5.8,-0.9, 
14-Feb-23,0,2.4,0,15.2,0,6.6,-1.5, 
15-Feb-23,0,6.6,0,10.7,0,6.3,1.8, 
16-Feb-23,0,0.3,0,13.9,0,6.6,4.4, 
17-Feb-23,0,0.8,0,13.8,0,9.8,8, 
18-Feb-23,0,0.2,0,12.6,0,10.4,6.5, 
19-Feb-23,0,0,0,13,0,7.6,3.1, 
20-Feb-23,0,0,0,13.6,0,9.4,7, 
21-Feb-23,0,1,0,14,0,9.2,2.1, 
22-Feb-23,0,0.2,0,9,0,4.2,1.4, 
23-Feb-23,0,0,0,10.2,0,1.3,-3.8, 
24-Feb-23,0,0,0,12,0,4.1,0, 
25-Feb-23,0,0,0,9.1,0,3.9,-1.1, 
26-Feb-23,0,0,0,9.7,0,2.8,0.1, 
27-Feb-23,0,1.7,0,8.5,0,6,-0.1, 
28-Feb-23,0,0,0,8.2,0,5.9,4.2, 
1-Mar-23,0,0.9,0,9.3,0,6,4.9, 
2-Mar-23,0,1,0,8.9,0,5.2,2.8, 
3-Mar-23,0,0.7,0,8.2,0,5.2,4.3, 
4-Mar-23,0,0,0,6.4,0,4.4,3.8, 
5-Mar-23,0,0,0,10.3,0,3.1,3.6, 
6-Mar-23,0,4.2,0,8.1,0,4.3,2.3, 
7-Mar-23,0,0.6,0,6.9,1,-1,-2.6, 
8-Mar-23,0,4.9,0,5.9,1,-1.4,-4.5, 
9-Mar-23,0,33,0,4,0,1.9,1.3, 
10-Mar-23,0,1.1,0,7.7,0,0,-0.5, 
11-Mar-23,0,9.4,0,10.5,1,-1.7,-5, 
12-Mar-23,0,4.9,0,13.6,0,3.9,3.3, 
13-Mar-23,0,5.7,0,14.5,0,10.2,8.3, 
14-Mar-23,0,1.6,0,8,0,1.2,-1.4, 
15-Mar-23,0,9.4,0,13.3,1,-2.2,-5.5, 
16-Mar-23,4,0,0,16.6,0,4.1,3.4, 
17-Mar-23,0,0.5,0,12.9,0,7.3,2.2, 
18-Mar-23,0,0.7,0,12.4,0,6.9,3, 
19-Mar-23,0,3,0,13.2,0,2.2,-1.4, 
20-Mar-23,0,0.2,0,16,0,7.2,6.4, 
21-Mar-23,0,0.6,0,13.6,0,9.7,6.1, 
22-Mar-23,0,1.6,0,14.3,0,7.3,3.7, 
23-Mar-23,0,0.7,0,14.5,0,7.2,4.5, 
24-Mar-23,0,1,0,14.5,0,7.7,5.1, 
25-Mar-23,0,1.6,0,13.4,0,6.9,4, 
26-Mar-23,0,0,0,10.1,0,5.3,1.6, 
27-Mar-23,0,3.1,0,11,1,-1.5,-3.3, 
28-Mar-23,0,0,0,16.5,0,2,-0.5, 
29-Mar-23,0,6.3,0,17.5,0,10.6,7.9, 
30-Mar-23,0,3.1,0,17.5,0,6.8,4.5, 
31-Mar-23,0,15.9,0,12.2,0,9,7.6, 
1-Apr-23,0,6.9,0,12.4,0,8.5,7.9, 
2-Apr-23,4,0,0,12.9,0,6.9,5.1, 
3-Apr-23,4,0,0,12.4,0,6.3,2, 
4-Apr-23,0,2.4,0,15.7,0,5.5,1.8, 
5-Apr-23,0,1,0,16,0,10.3,8, 
6-Apr-23,0,0,0,14.7,0,7.6,4.3, 
7-Apr-23,0,0,0,14.6,0,1,-3, 
8-Apr-23,0,0,0,14.3,0,6.1,-0.2, 
9-Apr-23,0,2.1,0,13.7,0,9.3,5.9, 
10-Apr-23,0,1.9,0,12.3,0,8.1,2.6, 
11-Apr-23,0,8.4,0,10.8,0,5.5,0.6, 
12-Apr-23,0,3.8,0,10.5,0,3.4,-0.8, 
13-Apr-23,0,0,0,13.4,0,4,-0.3, 
14-Apr-23,0,0.3,0,14.5,0,1.3,-4.8, 
15-Apr-23,0,5.5,0,14.2,0,1.8,-4.3, 
16-Apr-23,0,0,0,18.9,0,8.8,6.3, 
17-Apr-23,0,0,0,18.5,0,7.9,2, 
18-Apr-23,0,0,0,13,0,10.1,6.4, 
19-Apr-23,0,0,0,13.2,0,8.1,3.8, 
20-Apr-23,0,0,0,13.2,0,7.3,1, 
21-Apr-23,0,0,0,15,0,8.6,4.1, 
22-Apr-23,0,8.1,0,10.7,0,9.1,5.9, 
23-Apr-23,0,10.5,0,14.1,0,6.5,3.4, 
24-Apr-23,0,0.3,0,11.3,0,6.4,1, 
25-Apr-23,4,0,0,12.6,0,2.2,-4.1, 
26-Apr-23,0,0,0,14.1,0,1.8,2.5, 
27-Apr-23,0,0.1,0,13.4,0,10,5.2, 
28-Apr-23,0,3.3,0,14.4,0,10.8,4, 
29-Apr-23,0,12.7,0,15.5,0,7.7,2.5, 
30-Apr-23,0,3.4,0,15.2,0,10.5,8.4, 
1-May-23,4,0,0,18.2,0,7.7,7, 
2-May-23,0,0,0,14.2,0,7.7,3.3, 
3-May-23,0,0,0,12.3,0,7.7,5.9, 
4-May-23,0,5.6,0,19,0,7.7,4.5, 
5-May-23,4,0,0,20.8,0,8.1,8, 
6-May-23,0,0,0,18.3,0,9,3.8, 
7-May-23,0,8.4,0,20.6,0,11.1,4.9, 
8-May-23,0,5.7,0,21.6,0,13.4,10.3, 
9-May-23,0,2.3,0,18.6,0,9.5,6.9, 
10-May-23,0,1.8,0,17.6,0,10.6,5.2, 
11-May-23,0,3.6,0,17.7,0,10.2,5.2, 
12-May-23,4,0,0,17.4,0,7.5,2.8, 
13-May-23,0,0,0,17.6,0,6.8,1.9, 
14-May-23,0,0,0,17.1,0,9.8,4, 
15-May-23,0,0,0,17.1,0,5.2,-1, 
16-May-23,0,0,0,18.7,0,5.5,-1.5, 
17-May-23,0,0,0,21,0,7.4,2, 
18-May-23,0,0,0,19.5,0,11.3,6.3, 
19-May-23,0,0,0,18.7,0,10.6,6.1, 
20-May-23,0,0,0,17,0,12.5,8, 
21-May-23,0,0,0,19.2,0,11.3,6, 
22-May-23,0,0,0,17.9,0,11.5,8.2, 
23-May-23,0,0,0,19.8,0,9.3,4.6, 
24-May-23,0,0,0,19.5,0,9.2,3.9, 
25-May-23,0,0,0,21.1,0,10.5,5.8, 
26-May-23,0,0,0,20.1,0,10.2,5.5, 
27-May-23,0,0,0,21.2,0,9.5,4.6, 
28-May-23,0,0,0,16.5,0,9.5,8.9, 
29-May-23,0,0,0,17.2,0,9.2,5.5, 
30-May-23,0,0,0,19,0,8.6,4.1, 
31-May-23,0,0,0,19,0,10.2,5.4, 
1-Jun-23,0,0,0,19.1,0,9,6, 
2-Jun-23,0,0,0,18.3,0,13.5,11, 
3-Jun-23,0,0,0,20.2,0,7.9,4.4, 
4-Jun-23,0,0,0,20.6,0,8.2,5, 
5-Jun-23,0,0,0,20.3,0,9.3,5.8, 
6-Jun-23,0,0,0,17.5,0,10.1,7.4, 
7-Jun-23,0,0,0,15.9,0,8.2,6.2, 
8-Jun-23,0,0,0,16.2,0,8.7,3.8, 
9-Jun-23,0,0,0,19.2,0,10.9,6.1, 
10-Jun-23,0,0.9,0,20.5,0,12.3,10.4, 
11-Jun-23,0,0,0,23,0,15.1,13.9, 
12-Jun-23,0,3.8,0,22.4,0,15.5,12.5, 
13-Jun-23,0,0,0,25.5,0,16.6,14.5, 
14-Jun-23,0,0,0,22,0,14.6,10.9, 
15-Jun-23,0,0,0,23.6,0,10.4,6.3, 
16-Jun-23,0,10,0,21.4,0,13.7,8.9, 
17-Jun-23,0,0.1,0,19.6,0,14.6,10.4, 
18-Jun-23,0,0,0,20.3,0,15.2,11, 
19-Jun-23,0,0,0,23.2,0,14.9,10.6, 
20-Jun-23,0,2.4,0,21.5,0,13.1,8.4, 
21-Jun-23,0,0,0,23.4,0,14.1,11.1, 
22-Jun-23,0,0.5,0,21.4,0,11.9,7.3, 
23-Jun-23,0,0,0,22.9,0,15.2,12.1, 
24-Jun-23,0,4.4,0,26.4,0,18.7,15, 
25-Jun-23,0,1.1,0,21.6,0,15.1,12.9, 
26-Jun-23,0,0.5,0,20.6,0,12.7,8.4, 
27-Jun-23,0,1.2,0,23.3,0,15.6,12, 
28-Jun-23,0,0.5,0,20.8,0,16.4,12.9, 
29-Jun-23,0,0.5,0,19.3,0,10.7,4.9, 
30-Jun-23,0,0.9,0,18.6,0,13.8,10.6, 
1-Jul-23,0,0,0,19.4,0,13.3,9.6, 
2-Jul-23,0,3.2,0,18.1,0,11.2,6.1, 
3-Jul-23,0,6.4,0,18.1,0,10.6,6, 
4-Jul-23,0,2.5,0,20.2,0,10.2,5, 
5-Jul-23,0,0,0,18.7,0,9.9,5.1, 
6-Jul-23,0,0.9,0,19.6,0,13.2,9.3, 
7-Jul-23,0,0,0,22,0,15.7,11.9, 
8-Jul-23,0,0,0,22.8,0,15.7,11.3, 
9-Jul-23,0,3.7,0,22.2,0,12.5,5, 
10-Jul-23,0,13,0,17.7,0,12.8,6.1, 
11-Jul-23,0,1.9,0,20.7,0,13.8,8.8, 
12-Jul-23,0,0,0,20.9,0,13.1,8, 
13-Jul-23,0,2.3,0,20.3,0,11.9,5, 
14-Jul-23,0,16.3,0,18.8,0,14.2,8.5, 
15-Jul-23,0,5.9,0,16.2,0,13.7,8.1, 
16-Jul-23,0,9.7,0,19.7,0,12.9,8, 
17-Jul-23,0,6.1,0,20,0,11.8,6.1, 
18-Jul-23,0,2.7,0,19,0,12.8,8, 
19-Jul-23,0,1.6,0,19.4,0,13.1,7.4, 
20-Jul-23,0,1.3,0,18.6,0,12.2,7.6, 
21-Jul-23,0,10,0,19.2,0,11.5,6.2, 
22-Jul-23,0,27,0,19.5,0,13.7,9.9, 
23-Jul-23,0,2.2,0,16.3,0,15.1,11.6, 
24-Jul-23,0,0.3,0,18.3,0,10.7,3.4, 
25-Jul-23,0,0.3,0,20.4,0,8.1,1, 
26-Jul-23,0,8.3,0,18,0,10.3,4, 
27-Jul-23,4,0,0,23.5,0,16.2,11.5, 
28-Jul-23,4,0,0,21.4,0,13.8,7.7, 
29-Jul-23,0,2.8,0,20.4,0,13.1,5.5, 
30-Jul-23,0,2.7,0,18.4,0,13.5,7.7, 
31-Jul-23,0,2.9,0,18.6,0,15.7,11, 
1-Aug-23,0,18,0,20.3,0,12.7,6.2, 
2-Aug-23,0,2,0,17.6,0,13.4,9.4, 
3-Aug-23,0,0,0,20,0,12.3,8.5, 
4-Aug-23,0,46.9,0,21.1,0,9.7,3, 
5-Aug-23,0,0,0,17.7,0,10.9,6.5, 
6-Aug-23,0,9.5,0,19.1,0,9.9,5.5, 
7-Aug-23,0,0,0,19.1,0,9,5, 
8-Aug-23,0,0,0,19,0,11.2,7.4, 
9-Aug-23,0,0.3,0,23.7,0,12.2,8.2, 
10-Aug-23,0,0,0,23.6,0,15,13, 
11-Aug-23,0,0.8,0,23,0,15.3,13.3, 
12-Aug-23,0,0,0,20.7,0,16.9,14.5, 
13-Aug-23,0,0,0,20.6,0,14.6,12, 
14-Aug-23,0,0,0,21,0,12.9,9.4, 
15-Aug-23,0,0,0,22.3,0,13.8,10, 
16-Aug-23,0,0,0,19.6,0,11.8,7.9, 
17-Aug-23,0,1.9,0,21.4,0,11.7,7.8, 
18-Aug-23,0,30.5,0,18.8,0,15.4,14.4, 
19-Aug-23,0,0.3,0,22.1,0,15.6,14.1, 
20-Aug-23,0,0,0,23,0,15.4,9.3, 
21-Aug-23,0,0,0,23,0,17,11.4, 
22-Aug-23,4,0,0,21.4,0,15.9,12.4, 
23-Aug-23,0,0,0,21.3,0,12.3,7.9, 
24-Aug-23,0,0,0,19.3,0,11.9,7.8, 
25-Aug-23,0,4,0,19.3,0,12.6,7.5, 
26-Aug-23,0,1,0,19.7,0,12.1,9, 
27-Aug-23,0,0,0,19.5,0,12.8,9.7, 
28-Aug-23,0,0,0,19.3,0,10.7,5, 
29-Aug-23,0,0,0,18.2,0,13.2,8.4, 
30-Aug-23,0,0,0,18.1,0,10.9,5.5, 
31-Aug-23,0,1.1,0,17.3,0,12.4,9.6, 
1-Sep-23,0,0,0,20.5,0,13.9,12.5, 
2-Sep-23,0,0,0,21.4,0,12.9,9.1, 
3-Sep-23,0,0,0,23.8,0,10.5,6.1, 
4-Sep-23,0,0,0,23.6,0,10.3,6.2, 
5-Sep-23,0,0,0,22.2,0,15,11, 
6-Sep-23,0,0,0,26.6,0,13.5,9, 
7-Sep-23,0,0,0,23.7,0,16.6,12.2, 
8-Sep-23,0,0,0,26.1,0,15.2,12.3, 
9-Sep-23,0,0,0,25.7,0,17.1,15, 
10-Sep-23,0,6.8,0,20.7,0,15.3,11.7, 
11-Sep-23,0,10.7,0,17.4,0,15.8,12.2, 
12-Sep-23,0,0,0,17.6,0,11.5,10, 
13-Sep-23,0,1.7,0,20,0,6.6,2.4, 
14-Sep-23,0,20,0,18.6,0,12,7, 
15-Sep-23,0,11.6,0,12.5,0,11.7,11.1, 
16-Sep-23,0,11,0,15.5,0,11,10.1, 
17-Sep-23,0,16.5,0,16,0,12.1,11.1, 
18-Sep-23,0,3.6,0,17.7,0,12,10.2, 
19-Sep-23,0,5.7,0,20.2,0,11.4,8.5, 
20-Sep-23,0,0.6,0,17.4,0,14.2,11, 
21-Sep-23,4,0,0,16.7,0,6.8,2.9, 
22-Sep-23,4,0,0,15.6,0,8.7,5.4, 
23-Sep-23,4,0,0,17.5,0,4.4,-0.1, 
24-Sep-23,0,2.4,0,20.5,0,11.8,8.3, 
25-Sep-23,0,0.5,0,19.3,0,14.5,9.9, 
26-Sep-23,0,2.8,0,18.9,0,14,10, 
27-Sep-23,0,17.4,0,17.3,0,9.4,4.8, 
28-Sep-23,0,0.5,0,16.6,0,13,9.5, 
29-Sep-23,0,0.1,0,18.1,0,11.6,6.5, 
30-Sep-23,0,12.4,0,17.8,0,8.1,3.7, 
1-Oct-23,0,0,0,19.8,0,11.2,10.2, 
2-Oct-23,0,0,0,15.1,0,9.2,4.5, 
3-Oct-23,0,0,0,17.4,0,8.1,2.4, 
4-Oct-23,0,2.4,0,17.3,0,11.9,7.2, 
5-Oct-23,0,0.3,0,19.4,0,13.6,10.9, 
6-Oct-23,0,0.1,0,21.1,0,14.5,12.7, 
7-Oct-23,0,0,0,22.7,0,15.5,12.1, 
8-Oct-23,0,0,0,22.3,0,11.9,7.4, 
9-Oct-23,0,0,0,20.5,0,13.6,8.5, 
10-Oct-23,0,3.5,0,22.4,0,12.9,8.7, 
11-Oct-23,0,3.1,0,11.4,0,10.5,10.4, 
12-Oct-23,0,1.8,0,14,0,4.2,-1, 
13-Oct-23,0,0,0,13.8,0,7.9,4.8, 
14-Oct-23,0,0,0,11.7,0,5,0.5, 
15-Oct-23,0,0,0,12.7,0,1.3,-4, 
16-Oct-23,0,0,0,13.2,0,4.2,0.3, 
17-Oct-23,0,7.3,0,13.4,0,7.1,2.3, 
18-Oct-23,0,25.2,0,14.1,0,10.9,2.1, 
19-Oct-23,0,4.1,0,17.5,0,12.6,11.3, 
20-Oct-23,0,30.1,0,14.2,0,11.8,7.3, 
21-Oct-23,4,0,0,11.2,0,7.7,4.6, 
22-Oct-23,0,0.7,0,14.4,0,2.8,-2.2, 
23-Oct-23,0,9.5,0,14.7,0,6,0, 
24-Oct-23,0,3.9,0,13,0,9.9,4.9, 
25-Oct-23,0,1.4,0,13.1,0,4.9,0.2, 
26-Oct-23,0,0.2,0,15.4,0,6.1,2.4, 
27-Oct-23,0,1.7,0,14.2,0,4.2,-0.5, 
28-Oct-23,0,9.6,0,14.9,0,7.8,2.9, 
29-Oct-23,0,4.2,0,13.2,0,4.3,-1.3, 
30-Oct-23,0,2.5,0,12.5,0,2.9,-1.6, 
31-Oct-23,0,4.5,0,13.3,0,5.4,1, 
1-Nov-23,0,0.7,0,12.3,0,5.9,6.2, 
2-Nov-23,4,0,0,10.4,0,3.4,-1.9, 
3-Nov-23,0,13.9,0,12,0,5.2,0.4, 
4-Nov-23,0,2.1,0,11.2,0,4.9,0.2, 
5-Nov-23,0,0.2,0,12.5,0,5.9,2, 
6-Nov-23,0,0,0,11.9,0,7.1,2.5, 
7-Nov-23,0,1.5,0,12.3,0,7.4,3, 
8-Nov-23,0,0.7,0,10.6,0,7.4,1.8, 
9-Nov-23,0,1.4,0,9.5,0,5.7,0.9, 
10-Nov-23,4,0,0,11.1,0,5.1,0, 
11-Nov-23,0,4,0,10.1,0,2.6,-2.8, 
12-Nov-23,0,9.2,0,14.2,0,2.9,-0.6, 
13-Nov-23,0,0.2,0,13,0,7.3,1, 
14-Nov-23,4,0,0,13.8,0,10.2,4.3, 
15-Nov-23,4,0,0,11.6,0,6.8,1.9, 
16-Nov-23,0,0.2,0,10.7,0,3.5,0.3, 
17-Nov-23,0,5.6,0,14.2,0,5.4,0, 
18-Nov-23,0,1,0,15.1,0,6.4,3, 
19-Nov-23,0,1,0,12.7,0,11.4,6.3, 
20-Nov-23,4,0,0,11.8,0,8.5,3.9, 
21-Nov-23,0,0,0,10.8,0,4.7,-1.5, 
22-Nov-23,4,0,0,12.1,0,5.9,2.6, 
23-Nov-23,0,0,0,13.5,0,10.8,6.9, 
24-Nov-23,0,0,0,9.3,0,6.9,1.8, 
25-Nov-23,0,0,0,8.2,1,-0.9,-6, 
26-Nov-23,0,1.9,0,11.2,1,-0.4,-3.6, 
27-Nov-23,4,0,0,9.1,0,6.1,2.8, 
28-Nov-23,0,0,0,7.3,0,3.1,-0.4, 
29-Nov-23,0,5.5,0,6.2,0,1,-2.2, 
30-Nov-23,0,0.9,0,5.5,0,1.1,-2.1, 
1-Dec-23,0,0,0,4,1,-1.8,-6.2, 
2-Dec-23,0,0.2,0,5.9,1,-3.2,-7.6, 
3-Dec-23,0,0.6,0,6.3,1,-3.2,-5.8, 
4-Dec-23,0,0,0,5.8,0,0.8,-0.7, 
5-Dec-23,0,0.4,0,7.9,0,2.7,0.9, 
6-Dec-23,0,4.9,0,11.8,0,0.5,-4, 
7-Dec-23,0,2.4,0,12.4,0,7.9,4.5, 
8-Dec-23,0,9.5,0,12.1,0,9.4,3.4, 
9-Dec-23,0,5.4,0,11.8,0,9.3,4.9, 
10-Dec-23,0,1.5,0,11.9,0,7.3,1.9, 
11-Dec-23,0,6.2,0,10.9,0,6.8,1.3, 
12-Dec-23,0,0.2,0,9,0,4.3,-1.1, 
13-Dec-23,4,0,0,9.4,0,4.3,-0.2, 
14-Dec-23,4,0,0,9.8,0,2.3,-3.1, 
15-Dec-23,4,0,0,12.3,0,7.4,2.7, 
16-Dec-23,0,0,0,13.4,0,8.5,0.5, 
17-Dec-23,0,0.1,0,14,0,9.5,2.3, 
18-Dec-23,0,1,0,14.3,0,11.5,7.5, 
19-Dec-23,4,0,0,9.7,0,6.7,1.5, 
20-Dec-23,0,0.7,0,12.2,0,6,0.9, 
21-Dec-23,0,0.9,0,12.3,0,9.7,6.6, 
22-Dec-23,0,0,0,11.3,0,9.3,5.5, 
23-Dec-23,0,1.5,0,13.4,0,9.4,5.9, 
24-Dec-23,0,0.8,0,13.2,0,10.4,8, 
25-Dec-23,0,0.6,0,10.6,0,9.5,5, 
26-Dec-23,0,10.6,0,14.2,0,4.1,3, 
27-Dec-23,0,7.1,0,14.1,0,3.5,3, 
28-Dec-23,0,0,0,10.2,0,6.2,3, 
29-Dec-23,0,2.2,0,9.4,0,6.1,2, 
30-Dec-23,0,0.6,0,11.2,0,2.6,-0.6, 
31-Dec-23,0,2.9,0,9.2,0,7,3.5, 
